{"_step":7,"_wandb":{"runtime":0},"acc":0.9169384986717043,"loss":0.07932343206998173,"_timestamp":1.740241947245745e+09,"_runtime":0.878999}