{"loss":0.12101466425488797,"_timestamp":1.7402422251787798e+09,"_runtime":0.555286,"_step":7,"_wandb":{"runtime":0},"acc":0.9076734769063679}